num_convention,id_cdm,banner,prenom,nom,num_ss,adresse,ville,code_postal,code postal,remuneration
,93,1234,billlel,billel,12345678901,qsdsqdqsd,Pa,,800
,20,test,465465,AZER,111562154586,test,test,,800
,20,test,465465,AZER,111562154586,test,test,,800
,20,test,465465,AZER,111562154586,test,test,,800
,20,test,465465,AZER,111562154586,test,test,,800
,20,test,465465,AZER,111562154586,test,test,,800
,20,test,465465,AZER,111562154586,test,test,,800
1,20,test,465465,AZER,111562154586,test,test,,800
15415199,20,test,465465,AZER,111562154586,test,test,,800
,20,test,465465,AZER,111562154586,test,test,,800
,97,AAAA,Bekkouche,BILEL,12345678901,9 rue bilel,Barcelone,,800
,93,1234,billlel,billel,12345678901,qsdsqdqsd,Pa,,800
,97,AAAA,Bekkouche,BILEL,12345678901,9 rue bilel,Barcelone,,800
,95,AAAA,qsdqsd,ADMINNDF,12345678901,9 rue bilel,Pa,,800
,96,AAAA,qsdqsd,ADMINN,12345678901,9 rue qsdsqdqsd,Pa,,800
2,96,AAAA,qsdqsd,ADMINN,12345678901,9 rue qsdsqdqsd,Pa,,800
,96,AAAA,qsdqsd,ADMINN,12345678901,9 rue qsdsqdqsd,Pa,,800
15-1456,95,AAAA,qsdqsd,ADMINNDF,12345678901,9 rue bilel,Pa,,800
,95,AAAA,qsdqsd,ADMINNDF,12345678901,9 rue bilel,Pa,,800
,95,AAAA,qsdqsd,ADMINNDF,12345678901,9 rue bilel,Pa,,800
,93,1234,billlel,billel,12345678901,qsdsqdqsd,Pa,,800
